platform,creator,content_category,views,likes,shares,comments,followers,location,engagement_rate,is_tech,brand_name,user_engagement_growth,buzz_change_rate,engagement_score,reach_efficiency,virality_score,interaction_rate,influencer_score
youtube,derek94,tech,9925.0,1491,320,215,929015.0,India,0.20413098236775817,True,Unknown,0.1446,2.9,0.52,0.010683358180438422,0.03224181360201511,0.021662468513853905,0.09452994448183932
youtube,lukeburton,tech,10031.0,1567,285,206,272307.0,Japan,0.20516399162595952,True,Unknown,0.1446,2.9,0.52,0.03683709930335981,0.0284119230385804,0.020536337354201975,0.1016403033529659
tiktok,hwelch,tech,10049.0,1495,284,193,48334.0,India,0.19623843168474475,True,Unknown,0.1446,2.9,0.52,0.20790747713824637,0.028261518559060603,0.019205891133446115,0.14934607138309
tiktok,jennifer05,tech,10114.0,1563,268,206,918976.0,Japan,0.20140399446312043,True,Unknown,0.1446,2.9,0.52,0.011005728114771223,0.026497923670160173,0.020367807000197746,0.0918126933207276
tiktok,trevor43,tech,10210.0,1501,314,214,501327.0,China,0.19872673849167483,True,Unknown,0.1446,2.9,0.52,0.02036594877195922,0.030754162585700295,0.020959843290891282,0.09482672880396778
tiktok,rodriguezjennifer,tech,10102.0,1527,324,220,2003.0,Japan,0.20500890912690556,True,Unknown,0.1446,2.9,0.52,5.043434847728407,0.03207285686002772,0.021777865769154622,1.6046558750272926
youtube,austinberger,tech,10189.0,1526,314,190,468815.0,China,0.1992344685445088,True,Unknown,0.1446,2.9,0.52,0.021733519618612886,0.03081754833644126,0.018647561095298852,0.09545910780431978
youtube,bwilson,tech,10061.0,1509,281,210,609882.0,India,0.19878739687903788,True,Unknown,0.1446,2.9,0.52,0.016496633775058125,0.027929629261504822,0.020872676672298977,0.09284283766258404
youtube,andersonricky,tech,10126.0,1517,272,219,593444.0,China,0.198301402330634,True,Unknown,0.1446,2.9,0.52,0.017063109577314793,0.026861544538810983,0.0216274935808809,0.09249795716709135
youtube,keytracy,tech,10082.0,1472,307,183,646711.0,China,0.19460424518944655,True,Unknown,0.1446,2.9,0.52,0.015589652874313256,0.030450307478674866,0.018151160484030947,0.09165368618167505
tiktok,mary21,tech,9980.0,1548,305,194,709473.0,China,0.20511022044088176,True,Unknown,0.1446,2.9,0.52,0.014066779144519946,0.030561122244488977,0.019438877755511022,0.0954324585930554
youtube,angela62,tech,10145.0,1549,295,215,879642.0,China,0.20295712173484476,True,Unknown,0.1446,2.9,0.52,0.011533100966074836,0.029078363725973385,0.021192705766387383,0.09336628810155237
youtube,kadams,tech,10203.0,1481,301,184,567770.0,China,0.19268842497304714,True,Unknown,0.1446,2.9,0.52,0.017970304876974832,0.029501127119474665,0.01803391159462903,0.09131679958815372
youtube,ericjohnson,tech,10288.0,1504,317,179,636258.0,India,0.19440124416796267,True,Unknown,0.1446,2.9,0.52,0.016169541286710738,0.030812597200622086,0.017398911353032658,0.09185513921338491
youtube,derrickgarcia,tech,10080.0,1489,258,206,739831.0,China,0.19375,True,Unknown,0.1446,2.9,0.52,0.013624733216099352,0.025595238095238095,0.020436507936507937,0.08926599139340125
tiktok,wademadison,tech,10276.0,1573,314,216,282591.0,Japan,0.2046516154145582,True,Unknown,0.1446,2.9,0.52,0.03636350768425038,0.030556636823666796,0.021019852082522383,0.10193668951819843
youtube,boyderic,tech,10119.0,1510,314,195,887117.0,India,0.1995256448265639,True,Unknown,0.1446,2.9,0.52,0.011406612656504158,0.03103073426227888,0.019270678920841982,0.09254146200626048
youtube,melodybanks,tech,10133.0,1467,286,214,539546.0,Japan,0.19411822757327543,True,Unknown,0.1446,2.9,0.52,0.0187806044340983,0.028224612651731963,0.021119115760386855,0.09174885615505925
tiktok,shannonprice,tech,9967.0,1492,294,182,667197.0,Japan,0.1974515902478178,True,Unknown,0.1446,2.9,0.52,0.01493861633070892,0.029497341226045953,0.018260258854218923,0.09231142336615358
youtube,angela12,tech,10070.0,1490,302,194,688002.0,India,0.19721946375372393,True,Unknown,0.1446,2.9,0.52,0.014636585358763492,0.029990069513406156,0.01926514399205561,0.09227578196314047
youtube,bhayes,tech,10120.0,1502,329,205,277610.0,India,0.20118577075098815,True,Unknown,0.1446,2.9,0.52,0.03645401822700911,0.0325098814229249,0.020256916996047432,0.10116347819537545
tiktok,samuelsmith,tech,10240.0,1521,308,187,63012.0,Japan,0.196875,True,Unknown,0.1446,2.9,0.52,0.16250872849615947,0.030078125,0.01826171875,0.13652605604884785
youtube,sullivanjulie,tech,10071.0,1577,324,204,920615.0,Japan,0.20901598649587927,True,Unknown,0.1446,2.9,0.52,0.010939426361725586,0.032171581769437,0.02025618111408996,0.09653969703770049
tiktok,fordmary,tech,10077.0,1523,303,190,554372.0,China,0.20005954153021732,True,Unknown,0.1446,2.9,0.52,0.01817732497312274,0.030068472759749925,0.018854817902153417,0.09449755593194872
youtube,danielwashington,tech,9821.0,1492,311,213,732052.0,India,0.2052744119743407,True,Unknown,0.1446,2.9,0.52,0.013415713637829006,0.031666836371041646,0.021688219122288972,0.09563452979239749
tiktok,fergusonthomas,tech,9960.0,1505,302,192,773253.0,Japan,0.2007028112449799,True,Unknown,0.1446,2.9,0.52,0.012880648377697855,0.03032128514056225,0.01927710843373494,0.09324170455346999
tiktok,tstone,tech,10301.0,1539,298,215,864078.0,India,0.19920396078050676,True,Unknown,0.1446,2.9,0.52,0.01192137746823782,0.02892923017182798,0.02087176002329871,0.09193676660422245
tiktok,kelly79,tech,9953.0,1507,314,193,368212.0,Japan,0.20235104993469305,True,Unknown,0.1446,2.9,0.52,0.027030623662455323,0.03154827690143675,0.019391138350246157,0.09851409014304485
tiktok,lonnie65,tech,9911.0,1503,286,218,920628.0,Japan,0.20250227020482292,True,Unknown,0.1446,2.9,0.52,0.010765477478416908,0.02885682574916759,0.02199576228433054,0.09288759905020451
tiktok,maureen46,tech,9973.0,1516,298,197,514857.0,Japan,0.20164443998796752,True,Unknown,0.1446,2.9,0.52,0.019370427128309414,0.02988067783014138,0.019753334001804873,0.09543310748272225
youtube,heidireed,tech,10055.0,1497,282,205,811125.0,China,0.19731476877175536,True,Unknown,0.1446,2.9,0.52,0.012396363075974727,0.028045748383888614,0.020387866732968673,0.09105854094666116
youtube,reneelopez,tech,9895.0,1514,331,227,193401.0,China,0.20939868620515412,True,Unknown,0.1446,2.9,0.52,0.05116312738817276,0.033451237998989386,0.022940879231935322,0.1091437840982103
youtube,suzanne64,tech,10060.0,1418,304,209,327949.0,Japan,0.19194831013916502,True,Unknown,0.1446,2.9,0.52,0.030675501373689202,0.030218687872763418,0.02077534791252485,0.0950475808296018
youtube,angel79,tech,10223.0,1530,314,198,214504.0,China,0.19974567152499267,True,Unknown,0.1446,2.9,0.52,0.04765878491776377,0.030715054289347548,0.019368091558251,0.10341042037213047
tiktok,xmccoy,tech,10041.0,1487,275,188,338591.0,Japan,0.19420376456528235,True,Unknown,0.1446,2.9,0.52,0.029655247776816277,0.027387710387411612,0.01872323473757594,0.0947943932753813
youtube,pdavis,tech,10169.0,1523,299,235,414306.0,Japan,0.20228144360310749,True,Unknown,0.1446,2.9,0.52,0.024544660226981988,0.029403087815911104,0.023109450290097356,0.09709690185411092
youtube,hortonisaac,tech,10271.0,1478,301,203,793334.0,Japan,0.19297049946451172,True,Unknown,0.1446,2.9,0.52,0.012946627775943045,0.029305812481744718,0.019764385162106903,0.08986393186311104
youtube,littledenise,tech,10128.0,1507,335,173,559044.0,India,0.19895339652448657,True,Unknown,0.1446,2.9,0.52,0.018116641981668707,0.03307661927330174,0.01708135860979463,0.09493933698628577
tiktok,joshuagutierrez,tech,10014.0,1587,314,233,984343.0,Japan,0.21310165767924905,True,Unknown,0.1446,2.9,0.52,0.010173283093393258,0.031356101457958856,0.023267425604154183,0.09769947843710526
tiktok,natalie51,tech,10102.0,1503,302,210,645604.0,China,0.1994654523856662,True,Unknown,0.1446,2.9,0.52,0.015647362779660598,0.029895070283112255,0.020787962779647593,0.09344891087309834
tiktok,elizabethrobertson,tech,10171.0,1571,298,195,758770.0,China,0.20292989873168812,True,Unknown,0.1446,2.9,0.52,0.013404589005891114,0.02929898731688133,0.019172156130174024,0.09398303238950698
tiktok,hclark,tech,10314.0,1516,266,199,262822.0,Japan,0.1920690323831685,True,Unknown,0.1446,2.9,0.52,0.03924329013552899,0.025790188093853014,0.019294163273220866,0.096337656422082
tiktok,bcamacho,tech,10106.0,1515,333,156,771843.0,Japan,0.19829804076786067,True,Unknown,0.1446,2.9,0.52,0.013093336339125962,0.03295072234316248,0.015436374431031071,0.0931324339118308
youtube,usmith,tech,10257.0,1536,267,200,430734.0,China,0.1952812713268987,True,Unknown,0.1446,2.9,0.52,0.02381284040730474,0.026031003217315003,0.019498878814468167,0.0930656616181454
youtube,timothytaylor,tech,10177.0,1499,330,218,94585.0,India,0.20113982509580428,True,Unknown,0.1446,2.9,0.52,0.10759634191467991,0.0324260587599489,0.02142085093839049,0.12246265024071035
youtube,rioskrista,tech,10049.0,1517,322,175,943784.0,China,0.20041795203502835,True,Unknown,0.1446,2.9,0.52,0.01064756342552957,0.032042989352174346,0.01741466812618171,0.09297434664732253
tiktok,kcain,tech,9910.0,1537,278,209,599609.0,India,0.20423814328960646,True,Unknown,0.1446,2.9,0.52,0.016527437046475288,0.02805247225025227,0.021089808274470233,0.09506923010486086
youtube,joneschristine,tech,10103.0,1548,288,195,617397.0,China,0.20102939720874988,True,Unknown,0.1446,2.9,0.52,0.016363863122107816,0.028506384242304266,0.01930119766406018,0.09387283309282357
youtube,nwhite,tech,10284.0,1515,296,172,492133.0,India,0.1928238039673279,True,Unknown,0.1446,2.9,0.52,0.020896790095360402,0.028782574873590042,0.016725009723842863,0.0920333310776163
tiktok,mwhite,tech,10153.0,1512,283,181,906048.0,Japan,0.1946222791293214,True,Unknown,0.1446,2.9,0.52,0.01120580808080808,0.027873534915788437,0.017827243179355856,0.08957271455070752
facebook,user_snl52zoj,"#Tech, #Reviews",48947.0,1994,426,313,308441.0,uae,0.05583590414121396,True,Google,0.3286,23.2,0.52,0.15869161363113204,0.00870329131509592,0.0063946717878521665,0.07255283314035398
twitter,user_3kwb0q9d,"#Food, #Sustainable",87728.0,567,667,645,308441.0,uae,0.021418475287251503,True,Toyota,0.0365,-46.6,0.52,0.28442392548331774,0.0076030457778588365,0.007352270654751049,0.09617548149325357
youtube,user_0wsgo6ge,"#Tech, #NewRelease",98131.0,1112,279,522,308441.0,uae,0.019494349390100987,True,Samsung,0.2643,-63.6,0.52,0.31815160760080535,0.0028431382539666366,0.005319419959034352,0.10409616351247199
youtube,user_dc66dcss,"#Travel, #Fitness, #Innovation",5152.0,1460,614,189,308441.0,uae,0.4392468944099379,True,Nike,0.3049,-39.3,0.52,0.016703356557656084,0.11917701863354037,0.036684782608695655,0.21646287032133413
facebook,user_4qb32son,"#Limited, #Promo, #Innovation",16437.0,3282,179,438,308441.0,uae,0.23720873638741863,True,Coca-Cola,-0.4202,2.7,0.52,0.053290580694525046,0.010890065097037173,0.026647198393867495,0.11413768829243612
twitter,user_d8frdq38,"#Innovation, #Fashion",33304.0,2161,74,928,308441.0,uae,0.09497357674753783,True,Apple,-0.2293,83.6,0.52,0.10797526917627683,0.0022219553206822003,0.02786452077828489,0.07104859804810285
facebook,user_f5enqgw5,"#Health, #Innovation, #CustomerService",99487.0,2210,1853,270,308441.0,uae,0.04355342909123805,True,Coca-Cola,0.3934,91.2,0.52,0.32254791029726915,0.018625549066712235,0.002713922422024988,0.11977340944568964
facebook,user_74q3z54v,#Innovation,44520.0,855,1169,906,308441.0,uae,0.06581311769991015,True,Adidas,-0.0052,-65.9,0.52,0.14433878764496288,0.026257861635220127,0.020350404312668463,0.07750424186401896
instagram,user_cvomnaap,"#BestValue, #Innovation",68584.0,375,1743,872,308441.0,uae,0.04359617403476029,True,Microsoft,0.1446,2.9,0.52,0.22235694995153044,0.02541409075002916,0.012714335705120728,0.091769781824372
twitter,user_f700et49,"#Quality, #Affordable, #Sustainable",48404.0,1627,249,549,308441.0,uae,0.05009916535823486,True,Microsoft,0.4592,23.3,0.52,0.15693114728586666,0.0051442029584331875,0.011342037848111726,0.06866227121658389
twitter,user_u3r656i7,"#Exclusive, #Innovation, #SpecialOffer",35574.0,3911,464,445,308441.0,uae,0.13549221341429132,True,Samsung,0.0751,31.9,0.52,0.11533486144838073,0.013043233822454602,0.012509135885759262,0.09271031394696712
youtube,skrjxlgb,"#trending,#ai",10120.0,1929,276,1875,308453.0,pakistan,0.4031620553359684,True,Unknown,0.1446,2.9,0.91,0.03280888822608306,0.02727272727272727,0.019498878814468167,0.17928930678403046
twitter,krvzmanp,"#trending,#ai",10120.0,4723,2681,3358,458337.0,india,1.0634387351778656,True,Unknown,0.1446,2.9,0.97,0.02207982336141311,0.2649209486166008,0.019498878814468167,0.5114757256645505
twitter,xdlggaux,"#trending,#ai",10120.0,13903,1871,2048,38734.0,india,1.7610671936758893,True,Unknown,0.1446,2.9,0.85,0.2612691692053493,0.18488142292490117,0.019498878814468167,0.8382720551094308
youtube,lkcwtfub,"#trending,#ai",10120.0,4839,421,1935,278199.0,pakistan,0.7109683794466403,True,Unknown,0.1446,2.9,0.15,0.03637683816261022,0.041600790513833995,0.019498878814468167,0.30778064038158937
twitter,hulklyie,"#trending,#ai",10120.0,2586,2467,3527,192605.0,pakistan,0.8478260869565217,True,Unknown,0.1446,2.9,1.0,0.052542768879312585,0.24377470355731226,0.019498878814468167,0.42802567651359624
youtube,undfduao,"#trending,#ai",10120.0,10134,2936,3261,245065.0,pakistan,1.6137351778656126,True,Unknown,0.1446,2.9,0.72,0.041295166588456125,0.2901185770750988,0.019498878814468167,0.7449181942453116
youtube,jylnorwr,"#trending,#ai",10120.0,9781,1219,1842,319865.0,india,1.2689723320158102,True,Unknown,0.1446,2.9,0.77,0.03163834742782111,0.12045454545454545,0.019498878814468167,0.5532168006710341
youtube,komnrfgt,"#trending,#ai",10120.0,18486,252,919,275526.0,india,1.942391304347826,True,Unknown,0.1446,2.9,0.83,0.03672974601308043,0.024901185770750987,0.019498878814468167,0.7954458012742799
youtube,ikdjtmwh,"#trending,#ai",10120.0,18261,549,4341,422468.0,india,2.2876482213438734,True,Unknown,0.1446,2.9,0.39,0.023954477025478853,0.05424901185770751,0.019498878814468167,0.9385203352025053
twitter,xngqgjuc,"#trending,#ai",10120.0,2641,382,259,240657.0,pakistan,0.32430830039525693,True,Unknown,0.1446,2.9,0.41,0.04205155054704413,0.03774703557312253,0.019498878814468167,0.15366289599415278
twitter,vgxxbkki,"#trending,#ai",10120.0,17123,460,3437,272476.0,india,2.0770750988142295,True,Unknown,0.1446,2.9,0.41,0.0371408858027863,0.045454545454545456,0.019498878814468167,0.8556086689028913
youtube,pjextrhk,"#trending,#ai",10120.0,6774,2668,2204,447658.0,pakistan,1.150790513833992,True,Unknown,0.1446,2.9,0.41,0.022606543388032828,0.2636363636363636,0.019498878814468167,0.5461890776409157
youtube,cxmolpup,"#trending,#ai",10120.0,2075,2682,2143,253282.0,india,0.6818181818181818,True,Unknown,0.1446,2.9,0.31,0.039955464659944255,0.2650197628458498,0.019498878814468167,0.36421984097901094
youtube,sdkpwnkz,"#trending,#ai",10120.0,4370,1690,1131,143453.0,india,0.7105731225296442,True,Unknown,0.1446,2.9,0.6,0.07054575366147797,0.16699604743083005,0.019498878814468167,0.3554917893395501
youtube,sanunnmh,"#trending,#ai",10120.0,17628,30,4368,167946.0,pakistan,2.176482213438735,True,Unknown,0.1446,2.9,0.63,0.060257463708572996,0.0029644268774703555,0.019498878814468167,0.8895594525513071
youtube,fkcfwnkd,"#trending,#ai",10120.0,17413,481,4123,93030.0,india,2.1755928853754942,True,Unknown,0.1446,2.9,0.09,0.10878211329678598,0.04752964426877471,0.019498878814468167,0.917130681419866
youtube,krbvmqli,"#trending,#ai",10120.0,649,496,3373,188914.0,pakistan,0.44644268774703555,True,Unknown,0.1446,2.9,0.35,0.05356934901595435,0.04901185770750988,0.019498878814468167,0.2093514371158535
youtube,jpbyfmxc,"#trending,#ai",10120.0,1910,2166,2177,189239.0,pakistan,0.6178853754940712,True,Unknown,0.1446,2.9,0.04,0.05347734874946496,0.2140316205533597,0.019498878814468167,0.3274068409884759
youtube,isdrzzto,"#trending,#ai",10120.0,11015,1949,676,116446.0,india,1.3478260869565217,True,Unknown,0.1446,2.9,0.57,0.08690723597203855,0.1925889328063241,0.019498878814468167,0.6229792854161176
twitter,rakhwrwa,"#trending,#ai",10120.0,10336,2445,3970,121208.0,india,1.6552371541501976,True,Unknown,0.1446,2.9,0.53,0.08349283875651772,0.24160079051383399,0.019498878814468167,0.7596229504411846
youtube,afhuinia,"#trending,#ai",10120.0,5755,1353,1589,178981.0,india,0.8593873517786561,True,Unknown,0.1446,2.9,0.83,0.056542314547354186,0.13369565217391305,0.019498878814468167,0.40082633072784263
youtube,skijjorm,"#trending,#ai",10120.0,4113,47,1100,291210.0,india,0.5197628458498024,True,Unknown,0.1446,2.9,0.07,0.034751553861474535,0.004644268774703557,0.019498878814468167,0.2197238851307744
youtube,ewqsaqkr,"#trending,#ai",10120.0,18849,2804,1696,155508.0,india,2.307213438735178,True,Unknown,0.1446,2.9,0.08,0.06507703783728168,0.27707509881422926,0.019498878814468167,1.0255310164895244
twitter,atvmaepi,"#trending,#ai",10120.0,17037,1908,4032,326099.0,pakistan,2.2704545454545455,True,Unknown,0.1446,2.9,0.2,0.031033520495309705,0.18853754940711462,0.019498878814468167,0.9740531391525455
youtube,jbvnhrik,"#trending,#ai",10120.0,609,764,4228,327671.0,pakistan,0.5534584980237154,True,Unknown,0.1446,2.9,0.58,0.03088463733439944,0.07549407114624505,0.019498878814468167,0.2532970117536795
twitter,qbsubxih,"#trending,#ai",10120.0,13005,966,1151,472170.0,india,1.4942687747035572,True,Unknown,0.1446,2.9,0.11,0.021432958468348265,0.09545454545454546,0.019498878814468167,0.6327737610582911
twitter,slgizmzh,"#trending,#ai",10120.0,8642,1282,4235,485624.0,india,1.399110671936759,True,Unknown,0.1446,2.9,0.44,0.020839167751181983,0.1266798418972332,0.019498878814468167,0.6038999716692283
twitter,uoxwwpcb,"#trending,#ai",10120.0,19977,2303,834,418909.0,india,2.28399209486166,True,Unknown,0.1446,2.9,0.04,0.024157991353730764,0.2275691699604743,0.019498878814468167,0.9891149863389255
youtube,ousodofq,"#trending,#ai",10120.0,611,2696,985,298982.0,pakistan,0.4241106719367589,True,Unknown,0.1446,2.9,0.94,0.03384819152992488,0.266403162055336,0.019498878814468167,0.2597196748502818
youtube,jzunlxla,"#trending,#ai",10120.0,1971,1119,3950,434839.0,pakistan,0.6956521739130435,True,Unknown,0.1446,2.9,0.6,0.02327298149430019,0.11057312252964427,0.019498878814468167,0.31841470077240075
twitter,ymiljxzv,"#trending,#ai",10120.0,10821,12,820,348702.0,india,1.1514822134387352,True,Unknown,0.1446,2.9,0.46,0.029021915561138163,0.0011857707509881424,0.019498878814468167,0.469655191269132
twitter,diaimuxo,"#trending,#ai",10120.0,9111,2749,4979,148705.0,pakistan,1.6639328063241108,True,Unknown,0.1446,2.9,0.07,0.06805420127097273,0.2716403162055336,0.019498878814468167,0.7674814777725963
youtube,mkmivtni,"#trending,#ai",10120.0,4261,1489,1792,371474.0,india,0.7452569169960475,True,Unknown,0.1446,2.9,0.39,0.02724282183948271,0.14713438735177867,0.019498878814468167,0.3504159295557974
youtube,kauwlbbv,"#trending,#ai",10120.0,10856,497,498,174851.0,pakistan,1.1710474308300396,True,Unknown,0.1446,2.9,0.74,0.057877850283956055,0.049110671936758894,0.019498878814468167,0.5005155289982304
youtube,tsmcwvae,"#trending,#ai",10120.0,11611,1647,1044,69414.0,pakistan,1.4132411067193675,True,Unknown,0.1446,2.9,0.7,0.145791915175613,0.16274703557312253,0.019498878814468167,0.6578581279123676
twitter,axyouava,"#trending,#ai",10120.0,14871,448,2416,147774.0,pakistan,1.7524703557312253,True,Unknown,0.1446,2.9,0.72,0.06848295369956826,0.04426877470355731,0.019498878814468167,0.7348136608134278
twitter,zirdmics,"#trending,#ai",10120.0,949,1097,2383,405642.0,india,0.43764822134387354,True,Unknown,0.1446,2.9,0.51,0.024948106951449802,0.108399209486166,0.019498878814468167,0.2150634834688342
youtube,spmkbygy,"#trending,#ai",10120.0,935,2097,1343,220727.0,india,0.4323122529644269,True,Unknown,0.1446,2.9,0.17,0.0458484915755662,0.20721343873517786,0.019498878814468167,0.24884348027899394
youtube,zceltwca,"#trending,#ai",10120.0,1590,1153,3807,103616.0,pakistan,0.6472332015810277,True,Unknown,0.1446,2.9,0.04,0.09766831377393453,0.11393280632411067,0.019498878814468167,0.3223736166618246
youtube,cfzoeeut,"#trending,#ai",10120.0,19636,1308,2284,288405.0,india,2.2952569169960473,True,Unknown,0.1446,2.9,0.77,0.03508954421733326,0.1292490118577075,0.019498878814468167,0.9674043336209313
youtube,fcqbxmgg,"#trending,#ai",10120.0,18619,2434,2255,361346.0,india,2.303162055335968,True,Unknown,0.1446,2.9,0.04,0.0280063982996906,0.24051383399209486,0.019498878814468167,1.001820891821923
youtube,rgvaljot,"#trending,#ai",10120.0,7967,1333,1314,323787.0,pakistan,1.048814229249012,True,Unknown,0.1446,2.9,0.72,0.03125511524551634,0.1317193675889328,0.019498878814468167,0.4684180365499395
youtube,vfatjpdw,"#trending,#ai",10120.0,17395,1533,1366,419576.0,pakistan,2.0053359683794465,True,Unknown,0.1446,2.9,0.16,0.024119587392987207,0.1514822134387352,0.019498878814468167,0.8548149276012953
youtube,sqozmobq,"#trending,#ai",10120.0,18348,2289,3673,309897.0,india,2.402173913043478,True,Unknown,0.1446,2.9,0.65,0.03265601151350287,0.22618577075098814,0.019498878814468167,1.0385220998967386
youtube,ycrpecfe,"#trending,#ai",10120.0,3813,268,4542,491696.0,india,0.8520750988142293,True,Unknown,0.1446,2.9,0.34,0.02058182291497185,0.026482213438735178,0.019498878814468167,0.3549492504318038
youtube,gzihzrri,"#trending,#ai",10120.0,12473,1925,1635,68508.0,pakistan,1.5842885375494071,True,Unknown,0.1446,2.9,0.38,0.14771997430956968,0.19021739130434784,0.019498878814468167,0.7350966247039381
twitter,zpemohzw,"#trending,#ai",10120.0,1639,1123,91,40733.0,pakistan,0.2819169960474308,True,Unknown,0.1446,2.9,0.93,0.2484472049689441,0.11096837944664031,0.019498878814468167,0.22059147374364765
youtube,lmeaxryw,"#trending,#ai",10120.0,8911,961,1540,376905.0,india,1.1276679841897232,True,Unknown,0.1446,2.9,0.69,0.026850267308738275,0.0949604743083004,0.019498878814468167,0.4876104161610009
twitter,ojxsoiqk,"#trending,#ai",10120.0,16204,1670,4442,195102.0,india,2.2051383399209485,True,Unknown,0.1446,2.9,0.36,0.05187030373855727,0.1650197628458498,0.019498878814468167,0.9471223559437016
youtube,poveudvf,"#trending,#ai",10120.0,17025,2357,850,42867.0,india,1.999209486166008,True,Unknown,0.1446,2.9,0.0,0.2360790351552476,0.23290513833992094,0.019498878814468167,0.9403790465149539
youtube,sepbzdhn,"#trending,#ai",10120.0,17204,2651,3822,355228.0,india,2.3396245059288536,True,Unknown,0.1446,2.9,0.94,0.028488745256567614,0.2619565217391304,0.019498878814468167,1.022983382470251
twitter,lozfzeas,"#trending,#ai",10120.0,2620,1403,3765,114878.0,india,0.7695652173913043,True,Unknown,0.1446,2.9,0.62,0.0880934556660109,0.13863636363636364,0.019498878814468167,0.3758450327472341
youtube,uugvlhyh,"#trending,#ai",10120.0,4848,915,4546,26898.0,pakistan,1.0186758893280632,True,Unknown,0.1446,2.9,0.84,0.3762361513867202,0.09041501976284586,0.019498878814468167,0.5474657070760951
twitter,gnxxtgtz,"#trending,#ai",10120.0,6352,2941,3097,287045.0,india,1.2243083003952568,True,Unknown,0.1446,2.9,0.76,0.03525579612952673,0.29061264822134386,0.019498878814468167,0.587483853463364
twitter,sdduabfz,"#trending,#ai",10120.0,893,630,3164,189446.0,india,0.46314229249011857,True,Unknown,0.1446,2.9,0.68,0.053418916208312656,0.06225296442687747,0.019498878814468167,0.21995848118660447
youtube,rcooiqyf,"#trending,#ai",10120.0,4774,2164,1558,424023.0,india,0.8395256916996048,True,Unknown,0.1446,2.9,0.31,0.023866629876209546,0.21383399209486165,0.019498878814468167,0.40712046327116325
youtube,etsyeykz,"#trending,#ai",10120.0,17358,2811,4980,211639.0,pakistan,2.485079051383399,True,Unknown,0.1446,2.9,0.37,0.04781727375389224,0.27776679841897234,0.019498878814468167,1.0917068422052192
youtube,mnqltrhh,"#trending,#ai",10120.0,16370,1732,1819,202293.0,pakistan,1.9684782608695652,True,Unknown,0.1446,2.9,0.45,0.05002644678758039,0.17114624505928855,0.019498878814468167,0.8537431119018868
youtube,wydfblxv,"#trending,#ai",10120.0,898,389,2125,46683.0,india,0.33715415019762845,True,Unknown,0.1446,2.9,0.85,0.21678126941284837,0.03843873517786561,0.019498878814468167,0.2114276614562656
youtube,cchnzuvq,"#trending,#ai",10120.0,17642,2862,2039,328523.0,india,2.2275691699604745,True,Unknown,0.1446,2.9,0.98,0.030804540321377805,0.2828063241106719,0.019498878814468167,0.9851109273138048
twitter,aarouhzg,"#trending,#ai",10120.0,18243,1766,3562,153792.0,india,2.3291501976284583,True,Unknown,0.1446,2.9,0.5,0.06580316271327508,0.17450592885375493,0.019498878814468167,1.0037528065214922
youtube,dcqoaxew,"#trending,#ai",10120.0,18253,687,1737,90398.0,pakistan,2.043181818181818,True,Unknown,0.1446,2.9,0.15,0.11194937941104892,0.06788537549407114,0.019498878814468167,0.8712231537442633
twitter,wqpveazo,"#trending,#ai",10120.0,15105,1374,2959,399020.0,pakistan,1.9207509881422924,True,Unknown,0.1446,2.9,0.51,0.025362137236228762,0.13577075098814229,0.019498878814468167,0.8166402617242283
youtube,wdnkhobl,"#trending,#ai",10120.0,9816,2061,4439,308441.0,pakistan,1.6122529644268775,True,Unknown,0.1446,2.9,0.2,0.03281016466682445,0.20365612648221343,0.019498878814468167,0.7158410731154624
twitter,duslkreq,"#trending,#ai",10120.0,8783,2795,681,375969.0,pakistan,1.2113636363636364,True,Unknown,0.1446,2.9,0.18,0.026917112847069838,0.27618577075098816,0.019498878814468167,0.575476319624872
youtube,kueaslje,"#trending,#ai",10120.0,14579,372,938,242201.0,india,1.5700592885375495,True,Unknown,0.1446,2.9,0.8,0.041783477359713626,0.036758893280632414,0.019498878814468167,0.6515864266071237
twitter,wdgbhlhy,"#trending,#ai",10120.0,4634,436,2914,379350.0,pakistan,0.7889328063241107,True,Unknown,0.1446,2.9,0.14,0.02667721101884803,0.04308300395256917,0.019498878814468167,0.3365011870210695
twitter,aglpnsuk,"#trending,#ai",10120.0,18647,1562,2298,17138.0,pakistan,2.22401185770751,True,Unknown,0.1446,2.9,0.75,0.5905006418485238,0.15434782608695652,0.019498878814468167,1.1130592834636481
youtube,gmbrrlly,"#trending,#ai",10120.0,11382,1020,2582,229406.0,india,1.4806324110671936,True,Unknown,0.1446,2.9,0.9,0.04411392901667786,0.1007905138339921,0.019498878814468167,0.6357242972820785
twitter,fsyddhbz,"#trending,#ai",10120.0,4338,213,2397,47650.0,india,0.6865612648221344,True,Unknown,0.1446,2.9,0.88,0.2123819517313746,0.021047430830039526,0.019498878814468167,0.34465332069727805
youtube,qeqhtelb,"#trending,#ai",10120.0,3181,838,1593,326904.0,pakistan,0.5545454545454546,True,Unknown,0.1446,2.9,0.72,0.030957100555514767,0.08280632411067193,0.019498878814468167,0.2559472092180378
youtube,tnasyavi,"#trending,#ai",10120.0,18863,2394,1975,353031.0,india,2.2956521739130435,True,Unknown,0.1446,2.9,0.08,0.028666037826706438,0.23656126482213438,0.019498878814468167,0.9978290603598696
youtube,uocdgwlh,"#trending,#ai",10120.0,5857,2163,530,355041.0,pakistan,0.8448616600790514,True,Unknown,0.1446,2.9,0.52,0.02850375027109545,0.21373517786561264,0.019498878814468167,0.41061634247263307
twitter,ijadflfn,"#trending,#ai",10120.0,14537,14,4281,11876.0,india,1.8608695652173912,True,Unknown,0.1446,2.9,0.47,0.8521387672617042,0.001383399209486166,0.019498878814468167,1.0004044760283135
twitter,janvumpt,"#trending,#ai",10120.0,10298,2792,1571,312580.0,india,1.4487154150197628,True,Unknown,0.1446,2.9,0.66,0.03237571181777465,0.2758893280632411,0.019498878814468167,0.6719656779722099
twitter,jqbisryh,"#trending,#ai",10120.0,17743,1313,1407,333740.0,pakistan,2.0220355731225297,True,Unknown,0.1446,2.9,0.7,0.03032300593276203,0.12974308300395257,0.019498878814468167,0.8568340559300263
twitter,mzbktteb,"#trending,#ai",10120.0,6497,1983,4224,436912.0,pakistan,1.2553359683794467,True,Unknown,0.1446,2.9,0.19,0.023162559050792838,0.19594861660079052,0.019498878814468167,0.5678677400472538
youtube,jwqglxqs,"#trending,#ai",10120.0,7808,88,1493,377984.0,pakistan,0.9277667984189724,True,Unknown,0.1446,2.9,0.58,0.026773620047409415,0.008695652173913044,0.019498878814468167,0.38174750103398575
twitter,zsddlmfb,"#trending,#ai",10120.0,14514,849,28,208899.0,india,1.5208498023715415,True,Unknown,0.1446,2.9,0.56,0.04844446359245377,0.08389328063241107,0.019498878814468167,0.6480412442160761
youtube,dfpnxyhv,"#trending,#ai",10120.0,2104,2052,4205,178796.0,india,0.8261857707509881,True,Unknown,0.1446,2.9,0.53,0.056600818810264214,0.20276679841897233,0.019498878814468167,0.40828459346916623
twitter,lnpzwfro,"#trending,#ai",10120.0,17765,227,3670,371431.0,india,2.140513833992095,True,Unknown,0.1446,2.9,0.67,0.02724597569938966,0.02243083003952569,0.019498878814468167,0.8711085753185125
youtube,uqjngzoh,"#trending,#ai",10120.0,2175,892,3538,429613.0,india,0.6526679841897233,True,Unknown,0.1446,2.9,0.94,0.02355608419670727,0.08814229249011858,0.019498878814468167,0.2945767066819371
twitter,ykcnihyy,"#trending,#ai",10120.0,9094,1511,1347,91297.0,india,1.1810276679841898,True,Unknown,0.1446,2.9,0.45,0.11084701578365116,0.14930830039525692,0.019498878814468167,0.5504576620473484
youtube,cxsibrog,"#trending,#ai",10120.0,6632,621,52,224277.0,pakistan,0.7218379446640316,True,Unknown,0.1446,2.9,0.79,0.045122772286056975,0.06136363636363636,0.019498878814468167,0.3206811004605207
twitter,ccsuyqwm,"#trending,#ai",10120.0,15632,2382,2333,275691.0,pakistan,2.010573122529644,True,Unknown,0.1446,2.9,0.61,0.03670776340177953,0.23537549407114625,0.019498878814468167,0.8858542262537353
twitter,paumkriy,"#trending,#ai",10120.0,18982,1903,4410,341118.0,pakistan,2.499505928853755,True,Unknown,0.1446,2.9,0.14,0.029667153301789997,0.18804347826086956,0.019498878814468167,1.0651155610102998
twitter,wwlbwqxc,"#trending,#ai",10120.0,14681,1379,840,418612.0,pakistan,1.6699604743083003,True,Unknown,0.1446,2.9,0.39,0.02417513114769763,0.13626482213438734,0.019498878814468167,0.7161161757079456
youtube,jbxnlsrv,"#trending,#ai",10120.0,13081,1326,2281,475354.0,india,1.64901185770751,True,Unknown,0.1446,2.9,0.8,0.02128939695469061,0.13102766798418972,0.019498878814468167,0.705299862564668
twitter,gyshqdqp,"#trending,#ai",10120.0,8770,920,4676,385208.0,india,1.4195652173913043,True,Unknown,0.1446,2.9,0.62,0.026271520840688668,0.09090909090909091,0.019498878814468167,0.6029802704814555
youtube,kdvivmcy,"#trending,#ai",10120.0,8741,1119,428,280148.0,india,1.016600790513834,True,Unknown,0.1446,2.9,0.15,0.03612376315376158,0.11057312252964427,0.019498878814468167,0.45064938191055537
youtube,skxntpcc,"#trending,#ai",10120.0,19657,1988,1218,401242.0,india,2.259189723320158,True,Unknown,0.1446,2.9,0.83,0.02522168666291166,0.19644268774703558,0.019498878814468167,0.9701752016510475
youtube,aqkczxlm,"#trending,#ai",10120.0,10156,808,4878,233064.0,india,1.5654150197628458,True,Unknown,0.1446,2.9,0.81,0.04342154944564583,0.07984189723320158,0.019498878814468167,0.6631450419087925
twitter,czjwkhgr,"#trending,#ai",10120.0,12256,937,1325,347923.0,pakistan,1.4345849802371542,True,Unknown,0.1446,2.9,0.57,0.029086895663695704,0.09258893280632412,0.019498878814468167,0.6103367406358677
twitter,qzfkctmv,"#trending,#ai",10120.0,14010,1118,1267,54413.0,india,1.6200592885375493,True,Unknown,0.1446,2.9,0.51,0.18598496682778012,0.11047430830039526,0.019498878814468167,0.7369614979534724
youtube,ejcdsgkg,"#trending,#ai",10120.0,12952,886,184,60947.0,india,1.3855731225296444,True,Unknown,0.1446,2.9,0.15,0.166045908740381,0.0875494071146245,0.019498878814468167,0.6303078437683594
youtube,sotmwvdc,"#trending,#ai",10120.0,7219,2133,1730,364878.0,india,1.0950592885375494,True,Unknown,0.1446,2.9,0.68,0.027735297825574576,0.2107707509881423,0.019498878814468167,0.5095755300591348
twitter,awhvvnwm,"#trending,#ai",10120.0,9237,2797,3854,376585.0,pakistan,1.5699604743083004,True,Unknown,0.1446,2.9,0.26,0.026873083102088507,0.2763833992094862,0.019498878814468167,0.7189611344167927
twitter,oqyrdwxd,"#trending,#ai",10120.0,2434,2662,3230,494101.0,india,0.8227272727272728,True,Unknown,0.1446,2.9,0.31,0.020481642417238582,0.26304347826086955,0.019498878814468167,0.4141484452943416
youtube,blmzcrqq,"#trending,#ai",10120.0,8866,1235,4638,235138.0,india,1.4564229249011857,True,Unknown,0.1446,2.9,0.56,0.04303855608196038,0.12203557312252965,0.019498878814468167,0.6320914087218215
youtube,qhmlbvrp,"#trending,#ai",10120.0,11984,440,4581,50723.0,india,1.6803359683794465,True,Unknown,0.1446,2.9,0.01,0.19951501291327406,0.043478260869565216,0.019498878814468167,0.7450323694866304
twitter,wpqukqdj,"#trending,#ai",10120.0,5181,1490,515,439985.0,india,0.7100790513833992,True,Unknown,0.1446,2.9,0.82,0.023000784117640373,0.14723320158102768,0.019498878814468167,0.3351018162629601
youtube,bsywdodp,"#trending,#ai",10120.0,9452,184,4778,239265.0,india,1.424308300395257,True,Unknown,0.1446,2.9,0.95,0.04229619877541638,0.01818181818181818,0.019498878814468167,0.5878667252452732
youtube,embucwik,"#trending,#ai",10120.0,16985,966,1608,310335.0,india,1.932707509881423,True,Unknown,0.1446,2.9,0.86,0.032609921536404206,0.09545454545454546,0.019498878814468167,0.8115023440498542
youtube,bhjoujqi,"#trending,#ai",10120.0,18292,833,1758,484259.0,india,2.0635375494071146,True,Unknown,0.1446,2.9,0.37,0.0208979079376945,0.08231225296442687,0.019498878814468167,0.8563780680334823
youtube,cckpejrf,"#trending,#ai",10120.0,12888,543,4344,128626.0,pakistan,1.7564229249011858,True,Unknown,0.1446,2.9,0.52,0.07867771679131746,0.05365612648221344,0.019498878814468167,0.7422693229425336
youtube,gncokwph,"#trending,#ai",10120.0,4179,2371,1125,64088.0,india,0.758399209486166,True,Unknown,0.1446,2.9,0.22,0.15790787666957934,0.23428853754940712,0.019498878814468167,0.42101860806016234
twitter,pwljkwgf,"#trending,#ai",10120.0,156,2199,4266,213362.0,pakistan,0.6542490118577076,True,Unknown,0.1446,2.9,0.32,0.04743112644238431,0.21729249011857707,0.019498878814468167,0.34111668971137143
youtube,usrftmdv,"#trending,#ai",10120.0,8400,2782,4921,405115.0,pakistan,1.591205533596838,True,Unknown,0.1446,2.9,0.06,0.02498056107525024,0.274901185770751,0.019498878814468167,0.7264467374925356
twitter,sycjuaea,"#trending,#ai",10120.0,2196,1377,3808,416486.0,india,0.7293478260869565,True,Unknown,0.1446,2.9,0.01,0.024298535845142452,0.13606719367588932,0.019498878814468167,0.33984884929109216
twitter,wjpjdhik,"#trending,#ai",10120.0,10932,2202,4023,3631.0,pakistan,1.6953557312252965,True,Unknown,0.1446,2.9,0.21,2.7871109887083447,0.2175889328063241,0.019498878814468167,1.5795522689445192
twitter,itlyyxhj,"#trending,#ai",10120.0,15155,988,227,63236.0,india,1.6175889328063242,True,Unknown,0.1446,2.9,0.29,0.160035422860396,0.09762845849802372,0.019498878814468167,0.7243347375300555
twitter,cumixsas,"#trending,#ai",10120.0,11231,713,1741,344025.0,pakistan,1.3522727272727273,True,Unknown,0.1446,2.9,0.94,0.02941646682653877,0.07045454545454545,0.019498878814468167,0.5708703945934162
youtube,qotzieuk,"#trending,#ai",10120.0,7342,1390,4235,355814.0,pakistan,1.2813241106719369,True,Unknown,0.1446,2.9,0.27,0.02844182634747368,0.1373517786561265,0.019498878814468167,0.5622677257698548
youtube,kdfkjmqj,"#trending,#ai",10120.0,19922,1267,4266,195943.0,india,2.5153162055335967,True,Unknown,0.1446,2.9,0.8,0.051647673047774095,0.12519762845849802,0.019498878814468167,1.0591800726653204
youtube,wizdpevk,"#trending,#ai",10120.0,18466,2112,2685,142680.0,india,2.298715415019763,True,Unknown,0.1446,2.9,0.05,0.07092795065881694,0.20869565217391303,0.019498878814468167,1.0033732468577243
twitter,twbezzil,"#trending,#ai",10120.0,423,1710,1713,187454.0,pakistan,0.38003952569169963,True,Unknown,0.1446,2.9,0.01,0.053986578040479266,0.16897233201581027,0.019498878814468167,0.21890348329356674
twitter,bmtzdugf,"#trending,#ai",10120.0,16371,2338,2304,163376.0,pakistan,2.0763833992094862,True,Unknown,0.1446,2.9,0.08,0.061943002644207226,0.23102766798418972,0.019498878814468167,0.9184445608723136
twitter,vddfmcpm,"#trending,#ai",10120.0,2350,511,3863,134833.0,india,0.6644268774703558,True,Unknown,0.1446,2.9,0.48,0.07505580977950502,0.05049407114624506,0.019498878814468167,0.3034357152658674
youtube,lisfwlmh,"#trending,#ai",10120.0,11947,1377,3189,301959.0,india,1.6317193675889328,True,Unknown,0.1446,2.9,0.57,0.03351448375441699,0.13606719367588932,0.019498878814468167,0.7035622502646651
twitter,cltikuhz,"#trending,#ai",10120.0,6902,2243,4192,82472.0,pakistan,1.3178853754940711,True,Unknown,0.1446,2.9,0.63,0.12270831312445436,0.2216403162055336,0.019498878814468167,0.6304587389966249
twitter,mrxipesj,"#trending,#ai",10120.0,14325,23,1597,362189.0,pakistan,1.5755928853754941,True,Unknown,0.1446,2.9,0.78,0.02794121301309537,0.0022727272727272726,0.019498878814468167,0.6393013362359445
twitter,fijasbfh,"#trending,#ai",10120.0,15379,551,844,152289.0,india,1.657509881422925,True,Unknown,0.1446,2.9,0.19,0.06645259999080695,0.05444664031620553,0.019498878814468167,0.6992737246612737
twitter,akvnsdka,"#trending,#ai",10120.0,18088,2873,1198,293684.0,india,2.1896245059288537,True,Unknown,0.1446,2.9,0.79,0.03445880606366026,0.2838932806324111,0.019498878814468167,0.9713554283803629
twitter,gaorwyxh,"#trending,#ai",10120.0,18119,1191,1216,409555.0,india,2.0282608695652176,True,Unknown,0.1446,2.9,0.08,0.024709745943768235,0.11768774703557312,0.019498878814468167,0.8540235957198895
youtube,monnldkb,"#trending,#ai",10120.0,2521,2602,3489,388512.0,pakistan,0.8509881422924901,True,Unknown,0.1446,2.9,0.09,0.026048101474343135,0.25711462450592887,0.019498878814468167,0.4253440747110777
twitter,txwmytsh,"#trending,#ai",10120.0,18410,2126,3601,130322.0,india,2.385079051383399,True,Unknown,0.1446,2.9,0.21,0.07765381132886236,0.21007905138339922,0.019498878814468167,1.040351479367038
twitter,zhhoygju,"#trending,#ai",10120.0,19854,1373,197,31792.0,india,2.1169960474308303,True,Unknown,0.1446,2.9,0.72,0.31831907398087567,0.13567193675889327,0.019498878814468167,0.9829957221942628
twitter,lphvqrsg,"#trending,#ai",10120.0,15971,985,4826,75288.0,india,2.152371541501976,True,Unknown,0.1446,2.9,0.73,0.13441717139517587,0.09733201581027667,0.019498878814468167,0.9304733727624263
youtube,ridlcaul,"#trending,#ai",10120.0,17592,22,48,360621.0,india,1.7452569169960475,True,Unknown,0.1446,2.9,0.9,0.028062702948524906,0.002173913043478261,0.019498878814468167,0.7071737515960199
twitter,czgfesyo,"#trending,#ai",10120.0,19851,1598,4298,124054.0,pakistan,2.544169960474308,True,Unknown,0.1446,2.9,0.14,0.08157737759362858,0.15790513833992095,0.019498878814468167,1.089512738969788
twitter,qxrsymru,"#trending,#ai",10120.0,6371,314,727,93850.0,india,0.7324110671936759,True,Unknown,0.1446,2.9,0.75,0.10783164624400639,0.031027667984189725,0.019498878814468167,0.3346222211459292
youtube,teimakcj,"#trending,#ai",10120.0,10550,1213,1669,115511.0,india,1.3272727272727274,True,Unknown,0.1446,2.9,0.16,0.08761070374250071,0.11986166007905139,0.019498878814468167,0.5931508000555566
twitter,ipvuvqlk,"#trending,#ai",10120.0,7098,1530,866,29336.0,pakistan,0.9381422924901186,True,Unknown,0.1446,2.9,0.91,0.34496863921461685,0.15118577075098813,0.019498878814468167,0.5241032399857289
youtube,byhwlqwk,"#trending,#ai",10120.0,64,1920,3352,250046.0,india,0.5272727272727272,True,Unknown,0.1446,2.9,0.05,0.04047255305023876,0.18972332015810275,0.019498878814468167,0.27996785287159337
youtube,gzomxvjr,"#trending,#ai",10120.0,9550,2959,1168,149067.0,india,1.3514822134387352,True,Unknown,0.1446,2.9,0.96,0.06788893584763898,0.29239130434782606,0.019498878814468167,0.6486769574341337
youtube,qxzsjmzl,"#trending,#ai",10120.0,3042,2499,311,70910.0,india,0.5782608695652174,True,Unknown,0.1446,2.9,0.02,0.14271611902411507,0.24693675889328062,0.019498878814468167,0.3482002112013057
twitter,oolpfwtq,"#trending,#ai",10120.0,11598,446,3555,13798.0,pakistan,1.541403162055336,True,Unknown,0.1446,2.9,0.14,0.7334396289317292,0.04407114624505929,0.019498878814468167,0.8498144973751709
youtube,jcorfuqz,"#trending,#ai",10120.0,15667,2770,2494,497339.0,india,2.068280632411067,True,Unknown,0.1446,2.9,0.81,0.020348293618638394,0.2737154150197628,0.019498878814468167,0.9155313655559473
twitter,hvdairbz,"#trending,#ai",10120.0,15472,2033,4589,56353.0,pakistan,2.183201581027668,True,Unknown,0.1446,2.9,0.24,0.1795822760101503,0.2008893280632411,0.019498878814468167,0.9874221136330847
youtube,rjmxxlyu,"#trending,#ai",10120.0,18997,130,4523,187013.0,pakistan,2.3369565217391304,True,Unknown,0.1446,2.9,0.66,0.0541138851309802,0.012845849802371542,0.019498878814468167,0.9548705291756577
twitter,dnsnasqp,"#trending,#ai",10120.0,18234,1427,2557,54665.0,india,2.1954545454545453,True,Unknown,0.1446,2.9,0.26,0.1851275953535169,0.1410079051383399,0.019498878814468167,0.9760224683293752
youtube,wyrkitgp,"#trending,#ai",10120.0,17714,2641,3992,104989.0,pakistan,2.4058300395256915,True,Unknown,0.1446,2.9,0.66,0.09639105049100381,0.2609683794466403,0.019498878814468167,1.0695398447915698
youtube,ejnzejvc,"#trending,#ai",10120.0,6804,420,2727,401539.0,india,0.983300395256917,True,Unknown,0.1446,2.9,0.91,0.025203031336931157,0.041501976284584984,0.019498878814468167,0.41333166038922164
youtube,vzdbvocv,"#trending,#ai",10120.0,3952,8,2208,82698.0,pakistan,0.6094861660079052,True,Unknown,0.1446,2.9,0.72,0.12237297153498271,0.0007905138339920949,0.019498878814468167,0.28074351201385456
twitter,tcvjywxq,"#trending,#ai",10120.0,6482,241,4777,375498.0,pakistan,1.1363636363636365,True,Unknown,0.1446,2.9,0.21,0.026950875903466863,0.02381422924901186,0.019498878814468167,0.46977498609119817
youtube,eqlgdymc,"#trending,#ai",10120.0,1651,2387,3053,97016.0,india,0.7006916996047431,True,Unknown,0.1446,2.9,0.08,0.10431269069019543,0.2358695652173913,0.019498878814468167,0.3823313566141732
twitter,gsdtchfk,"#trending,#ai",10120.0,10072,2384,3385,226177.0,india,1.5653162055335967,True,Unknown,0.1446,2.9,0.49,0.044743718415223475,0.23557312252964427,0.019498878814468167,0.710221534496899
youtube,nkqjqekn,"#trending,#ai",10120.0,19295,1708,3024,337887.0,pakistan,2.374209486166008,True,Unknown,0.1446,2.9,0.34,0.029950841553537128,0.16877470355731225,0.019498878814468167,1.009301457999658
twitter,cfqtzszb,"#trending,#ai",10120.0,6409,1069,2852,40825.0,pakistan,1.0207509881422925,True,Unknown,0.1446,2.9,0.45,0.24788732394366197,0.10563241106719368,0.019498878814468167,0.5143563157601737
twitter,crpctveo,"#trending,#ai",10120.0,19266,2204,2985,199175.0,pakistan,2.416501976284585,True,Unknown,0.1446,2.9,0.97,0.0508095895569223,0.21778656126482213,0.019498878814468167,1.0471796357603573
twitter,jwojaxuv,"#trending,#ai",10120.0,4904,542,1150,3403.0,india,0.6517786561264822,True,Unknown,0.1446,2.9,0.72,2.9738466059359387,0.05355731225296443,0.019498878814468167,1.168932637907264
twitter,xtouscux,"#trending,#ai",10120.0,3600,2514,2306,322969.0,pakistan,0.8320158102766798,True,Unknown,0.1446,2.9,0.3,0.03133427666432382,0.24841897233201582,0.019498878814468167,0.41673229880957385
youtube,umzhzigv,"#trending,#ai",10120.0,11277,1891,3832,334479.0,pakistan,1.6798418972332017,True,Unknown,0.1446,2.9,0.72,0.030256010093309298,0.18685770750988143,0.019498878814468167,0.7370708741742379
youtube,uduemjyg,"#trending,#ai",10120.0,9490,2820,3509,67166.0,india,1.5631422924901186,True,Unknown,0.1446,2.9,0.31,0.15067147068457254,0.27865612648221344,0.019498878814468167,0.7540551961460832
youtube,slqjyzle,"#trending,#ai",10120.0,275,2751,266,124221.0,pakistan,0.32529644268774704,True,Unknown,0.1446,2.9,0.63,0.08146770674845638,0.2718379446640316,0.019498878814468167,0.23611027249884523
twitter,hljvngnn,"#trending,#ai",10120.0,16402,2536,4027,275760.0,pakistan,2.269268774703557,True,Unknown,0.1446,2.9,0.73,0.03669857847403539,0.25059288537549407,0.019498878814468167,0.9938949490362818
youtube,qaelwuth,"#trending,#ai",10120.0,348,2483,1797,231983.0,pakistan,0.4573122529644269,True,Unknown,0.1446,2.9,0.55,0.04362388623304294,0.24535573122529644,0.019498878814468167,0.2696187864232726
youtube,pnspfefp,"#trending,#ai",10120.0,6783,1503,3853,198236.0,pakistan,1.1995059288537548,True,Unknown,0.1446,2.9,0.37,0.05105026332250449,0.14851778656126483,0.019498878814468167,0.5396727865066328
twitter,anfdilab,"#trending,#ai",10120.0,12237,2342,24,221030.0,india,1.4429841897233202,True,Unknown,0.1446,2.9,0.28,0.045785639958376693,0.23142292490118577,0.019498878814468167,0.6603562453471968
twitter,kjjvwvaj,"#trending,#ai",10120.0,14031,1985,2701,437490.0,pakistan,1.849505928853755,True,Unknown,0.1446,2.9,0.54,0.023131957301881185,0.19614624505928854,0.019498878814468167,0.8055858322498529
youtube,wscrgxkc,"#trending,#ai",10120.0,13758,2937,2543,318782.0,pakistan,1.9009881422924901,True,Unknown,0.1446,2.9,0.05,0.031745832575239503,0.2902173913043478,0.019498878814468167,0.8569842240808723
youtube,zavtggaq,"#trending,#ai",10120.0,2576,2093,2441,96876.0,pakistan,0.7025691699604744,True,Unknown,0.1446,2.9,0.17,0.10446343779677113,0.20681818181818182,0.019498878814468167,0.37441215386867566
twitter,swuicbxr,"#trending,#ai",10120.0,15869,2177,384,373456.0,pakistan,1.8211462450592886,True,Unknown,0.1446,2.9,0.75,0.027098239149993573,0.21511857707509882,0.019498878814468167,0.8011235428912432
youtube,kpsgnjna,"#trending,#ai",10120.0,4528,1856,4731,204504.0,pakistan,1.0983201581027668,True,Unknown,0.1446,2.9,0.89,0.04948558463404139,0.183399209486166,0.019498878814468167,0.5091935014771689
twitter,vgsymbji,"#trending,#ai",10120.0,11182,2509,4935,40462.0,pakistan,1.8405138339920948,True,Unknown,0.1446,2.9,0.42,0.25011121546142057,0.24792490118577076,0.019498878814468167,0.8856163685909952
youtube,jvmbehca,"#trending,#ai",10120.0,17935,2001,254,288260.0,india,1.9950592885375493,True,Unknown,0.1446,2.9,0.25,0.03510719489349892,0.19772727272727272,0.019498878814468167,0.8678740557012513
twitter,fzofncic,"#trending,#ai",10120.0,15624,2502,2844,71507.0,pakistan,2.072134387351779,True,Unknown,0.1446,2.9,0.01,0.14152460598263106,0.24723320158102766,0.019498878814468167,0.9454810972098091
youtube,vtotiqxt,"#trending,#ai",10120.0,16275,182,422,421117.0,india,1.6678853754940712,True,Unknown,0.1446,2.9,0.47,0.024031326211005493,0.01798418972332016,0.019498878814468167,0.6797588049779263
twitter,ejgxvirp,"#trending,#ai",10120.0,10673,1843,532,336462.0,pakistan,1.2893280632411068,True,Unknown,0.1446,2.9,0.6,0.030077690794205587,0.18211462450592886,0.019498878814468167,0.5793889198864831
twitter,gogxycdz,"#trending,#ai",10120.0,7808,241,1440,3798.0,india,0.9376482213438735,True,Unknown,0.1446,2.9,0.08,2.6645602948920484,0.02381422924901186,0.019498878814468167,1.1815716457798677
youtube,woulruck,"#trending,#ai",10120.0,8671,2837,229,300767.0,pakistan,1.1597826086956522,True,Unknown,0.1446,2.9,0.88,0.033647308381571116,0.28033596837944663,0.019498878814468167,0.5581080265065662
twitter,ydtjgtyx,"#trending,#ai",10120.0,343,1919,3385,379800.0,pakistan,0.55800395256917,True,Unknown,0.1446,2.9,0.44,0.026645602948920485,0.18962450592885374,0.019498878814468167,0.2880826136910003
youtube,fqborbxe,"#trending,#ai",10120.0,4918,1944,1318,384381.0,pakistan,0.808300395256917,True,Unknown,0.1446,2.9,0.97,0.026328044310202636,0.19209486166007905,0.019498878814468167,0.38884702989385134
youtube,fcetbpwm,"#trending,#ai",10120.0,8449,460,4345,111745.0,india,1.3096837944664033,True,Unknown,0.1446,2.9,0.3,0.09056333616716632,0.045454545454545456,0.019498878814468167,0.5646788822730748
twitter,yicfalkm,"#trending,#ai",10120.0,15040,1911,1709,6837.0,pakistan,1.8438735177865613,True,Unknown,0.1446,2.9,0.72,1.480181366096241,0.18883399209486165,0.019498878814468167,1.2382540145719554
youtube,xgvnlnld,"#trending,#ai",10120.0,8298,469,2056,33202.0,pakistan,1.0694664031620553,True,Unknown,0.1446,2.9,0.66,0.3048009156074935,0.046343873517786564,0.019498878814468167,0.5331299980024061
youtube,gobgsdnn,"#trending,#ai",10120.0,3044,965,2073,377904.0,pakistan,0.6009881422924901,True,Unknown,0.1446,2.9,0.66,0.026779287861467462,0.09535573122529645,0.019498878814468167,0.2770357626430252
youtube,ewpspqgd,"#trending,#ai",10120.0,9456,82,3311,485793.0,india,1.2696640316205534,True,Unknown,0.1446,2.9,0.36,0.020831918121504426,0.008102766798418972,0.019498878814468167,0.5165460181241984
twitter,vulzbtyk,"#trending,#ai",10120.0,1885,1797,3031,468719.0,india,0.6633399209486166,True,Unknown,0.1446,2.9,0.51,0.02159076120234085,0.1775691699604743,0.019498878814468167,0.3250839477282912
youtube,cmkfuvbb,"#trending,#ai",10120.0,5983,2518,3549,18275.0,pakistan,1.1907114624505928,True,Unknown,0.1446,2.9,0.42,0.5537619699042408,0.24881422924901186,0.019498878814468167,0.7170574447262129
youtube,sstyptvb,"#trending,#ai",10120.0,7468,209,3933,381953.0,india,1.1472332015810276,True,Unknown,0.1446,2.9,0.18,0.026495406502894336,0.020652173913043477,0.019498878814468167,0.47303755475719245
youtube,xrexkgbw,"#trending,#ai",10120.0,11603,2246,3247,248581.0,india,1.6893280632411067,True,Unknown,0.1446,2.9,0.24,0.04071107606776061,0.22193675889328063,0.019498878814468167,0.7545255757847551
twitter,aalmypvc,"#trending,#ai",10120.0,12634,2086,3521,289407.0,india,1.8024703557312254,True,Unknown,0.1446,2.9,0.66,0.034968055368391225,0.20612648221343874,0.019498878814468167,0.7933165035670392
twitter,zhcydovc,"#trending,#ai",10120.0,6041,2730,2790,211802.0,india,1.142391304347826,True,Unknown,0.1446,2.9,0.73,0.04778047421648521,0.26976284584980237,0.019498878814468167,0.5522195177590167
youtube,hoofbizi,"#trending,#ai",10120.0,12995,1510,4247,484691.0,india,1.8529644268774703,True,Unknown,0.1446,2.9,1.0,0.020879281851736466,0.1492094861660079,0.019498878814468167,0.7922124011563114
twitter,ailnkdok,"#trending,#ai",10120.0,15005,2015,1126,371197.0,india,1.7930830039525691,True,Unknown,0.1446,2.9,0.67,0.027263151372451826,0.19911067193675888,0.019498878814468167,0.7851453485737909
twitter,aumbtfwt,"#trending,#ai",10120.0,2016,40,3146,423523.0,india,0.5140316205533597,True,Unknown,0.1446,2.9,0.43,0.023894806185260305,0.003952569169960474,0.019498878814468167,0.2139668608279101
twitter,kodvjsiq,"#trending,#ai",10120.0,13434,2237,4100,125768.0,pakistan,1.9536561264822134,True,Unknown,0.1446,2.9,0.32,0.08046561923541759,0.22104743083003953,0.019498878814468167,0.8719163656125226
youtube,mgnwqgki,"#trending,#ai",10120.0,13212,2158,4146,152365.0,india,1.9284584980237154,True,Unknown,0.1446,2.9,0.57,0.06641945328651593,0.21324110671936758,0.019498878814468167,0.8552815672112513
twitter,cxxcdrgd,"#trending,#ai",10120.0,16765,510,1477,365184.0,india,1.8529644268774703,True,Unknown,0.1446,2.9,0.95,0.027712057483350858,0.05039525691699605,0.019498878814468167,0.7646179650710921
youtube,karkkrkl,"#trending,#ai",10120.0,17612,1591,1594,431323.0,pakistan,2.0550395256917,True,Unknown,0.1446,2.9,0.64,0.023462695010467792,0.15721343873517787,0.019498878814468167,0.8762186504003736
youtube,ypxxendq,"#trending,#ai",10120.0,14362,1680,4912,349814.0,pakistan,2.0705533596837946,True,Unknown,0.1446,2.9,0.74,0.028929659762044972,0.16600790513833993,0.019498878814468167,0.8867026133436334
youtube,yfhlxnii,"#trending,#ai",10120.0,9320,1832,3637,373939.0,pakistan,1.4613636363636364,True,Unknown,0.1446,2.9,0.63,0.027063237586879143,0.18102766798418973,0.019498878814468167,0.6469727262167753
twitter,asjsfors,"#trending,#ai",10120.0,292,2884,236,401857.0,india,0.33715415019762845,True,Unknown,0.1446,2.9,0.25,0.025183087516206015,0.2849802371541502,0.019498878814468167,0.22791065748015826
twitter,mpnxxrcr,"#trending,#ai",10120.0,15756,578,3432,313556.0,pakistan,1.9531620553359683,True,Unknown,0.1446,2.9,0.79,0.03227493653446274,0.05711462450592886,0.019498878814468167,0.8080816904465049
youtube,jhwyniyh,"#trending,#ai",10120.0,5871,2029,4126,157057.0,pakistan,1.1883399209486165,True,Unknown,0.1446,2.9,0.39,0.06443520505294256,0.20049407114624507,0.019498878814468167,0.5548147512392029
twitter,kdpezakj,"#trending,#ai",10120.0,6214,196,3607,480942.0,india,0.9898221343873518,True,Unknown,0.1446,2.9,0.44,0.021042038333104616,0.019367588932806323,0.019498878814468167,0.40805174193471405
twitter,afwhovod,"#trending,#ai",10120.0,2268,1355,51,474562.0,india,0.3630434782608696,True,Unknown,0.1446,2.9,0.72,0.021324926985304343,0.13389328063241107,0.019498878814468167,0.19178285358966243
twitter,xkbfdvzu,"#trending,#ai",10120.0,19846,2727,3778,262970.0,india,2.6038537549407113,True,Unknown,0.1446,2.9,0.71,0.03848347720272274,0.26946640316205533,0.019498878814468167,1.133926466085718
youtube,zconjohg,"#trending,#ai",10120.0,6489,2555,1041,334799.0,india,0.9965415019762845,True,Unknown,0.1446,2.9,0.57,0.030227091478767856,0.2524703557312253,0.019498878814468167,0.48342583495351177
twitter,spljljcw,"#trending,#ai",10120.0,7536,951,1855,189641.0,pakistan,1.0219367588932806,True,Unknown,0.1446,2.9,0.37,0.05336398774526605,0.09397233201581028,0.019498878814468167,0.4529755994856352
twitter,lvdyqdaz,"#trending,#ai",10120.0,1288,2207,3250,119816.0,pakistan,0.666501976284585,True,Unknown,0.1446,2.9,0.39,0.08446284302597316,0.21808300395256916,0.019498878814468167,0.35736454460739664
youtube,sedtqbzt,"#trending,#ai",10120.0,16867,2307,2477,479617.0,india,2.1394268774703558,True,Unknown,0.1446,2.9,0.48,0.02110016951025506,0.22796442687747034,0.019498878814468167,0.9304901299044599
twitter,izjdjkud,"#trending,#ai",10120.0,9004,623,1466,91772.0,india,1.0961462450592885,True,Unknown,0.1446,2.9,0.81,0.11027328596957678,0.061561264822134386,0.019498878814468167,0.4900088632612287
twitter,qgjxryvt,"#trending,#ai",10120.0,8736,432,1018,488872.0,india,1.0065217391304349,True,Unknown,0.1446,2.9,0.13,0.020700715115613083,0.042687747035573126,0.019498878814468167,0.4216252342975298
twitter,ebfkimzz,"#trending,#ai",10120.0,19312,1631,232,340101.0,india,2.092391304347826,True,Unknown,0.1446,2.9,0.94,0.02975586663961588,0.16116600790513835,0.019498878814468167,0.8942330841025568
youtube,cplssaux,"#trending,#ai",10120.0,9782,2636,3745,38422.0,india,1.5971343873517787,True,Unknown,0.1446,2.9,0.56,0.2633907657071469,0.26047430830039525,0.019498878814468167,0.7960132771429742
twitter,wqkdfhst,"#trending,#ai",10120.0,1391,2499,4400,412995.0,pakistan,0.8191699604743083,True,Unknown,0.1446,2.9,0.7,0.024503928618990544,0.24693675889328062,0.019498878814468167,0.40910019044340473
youtube,mzeenlag,"#trending,#ai",10120.0,2084,2468,1863,485966.0,india,0.633893280632411,True,Unknown,0.1446,2.9,0.05,0.020824502125663114,0.24387351778656127,0.019498878814468167,0.3329667182266317
